[{"path":"\/token_image\/2017\/12\/13\/1513132835_5a3093241e91d_4017.png","checksum":"5b4ae06788cfd891a276617754dcec3c"},{"path":"\/mobile\/Qcloud\/QcloudCos\/auth.php","checksum":"a2fb48b3b4dc0777cb02fde13b5df588"},{"path":"\/mobile\/Qcloud\/QcloudCos\/conf.php","checksum":"2eed6960cd157a311613b8d5c35f9f8f"},{"path":"\/mobile\/Qcloud\/QcloudCos\/cosapi.php","checksum":"9c32ebce5fb4ecb7e489ee7ee5325e3c"},{"path":"\/mobile\/Qcloud\/QcloudCos\/error_code.php","checksum":"1a14b9e7a36ec568002b2d33e813b3d8"},{"path":"\/mobile\/Qcloud\/QcloudCos\/http_client.php","checksum":"ff7bddd7fd3f87a8f5392e4128b07f12"},{"path":"\/mobile\/Qcloud\/QcloudCos\/libcurl_helper.php","checksum":"5f3697cda15f574d8f0e2bd7325fb690"},{"path":"\/mobile\/Qcloud\/QcloudCos\/libcurl_wrapper.php","checksum":"ff427354bb6d99557c81dfd34cc1c08e"},{"path":"\/mobile\/Qcloud\/QcloudCos\/slice_uploading.php","checksum":"e67d7bd07694982f2af43082a2f2177d"},{"path":"\/mobile\/Qcloud\/include.php","checksum":"d709c6f85c3adb0dc641510ca1931af9"},{"path":"\/mobile\/Qiniu\/Qiniu\/Auth.php","checksum":"99c5ea1bc4ca899188f7d0de3849ab73"},{"path":"\/mobile\/Qiniu\/Qiniu\/Config.php","checksum":"35f57d6fdceb7fcd764d90104141cbf7"},{"path":"\/mobile\/Qiniu\/Qiniu\/Etag.php","checksum":"0e024d95edbb8a9350782e4e3c171285"},{"path":"\/mobile\/Qiniu\/Qiniu\/Http\/Client.php","checksum":"a75b0d19cef5454dc2416279644ec9dd"},{"path":"\/mobile\/Qiniu\/Qiniu\/Http\/Error.php","checksum":"6dac1d4057174ca1be251a0e80e709ae"},{"path":"\/mobile\/Qiniu\/Qiniu\/Http\/Request.php","checksum":"d138ef9f6177a5a6d7f0f0c681a1a429"},{"path":"\/mobile\/Qiniu\/Qiniu\/Http\/Response.php","checksum":"f5abc0197cef7b57e2328e75a00f08e1"},{"path":"\/mobile\/Qiniu\/Qiniu\/Processing\/ImageUrlBuilder.php","checksum":"41c5ae7bfa328d76811364b1d93447b0"},{"path":"\/mobile\/Qiniu\/Qiniu\/Processing\/Operation.php","checksum":"e88cdcd7c65ddee564dbdd3014284b9d"},{"path":"\/mobile\/Qiniu\/Qiniu\/Processing\/PersistentFop.php","checksum":"5be6e38aba2a1e2d67f409538a60609e"},{"path":"\/mobile\/Qiniu\/Qiniu\/Storage\/BucketManager.php","checksum":"3083561d5b3c799ffb4e943dbcdd86e9"},{"path":"\/mobile\/Qiniu\/Qiniu\/Storage\/FormUploader.php","checksum":"1cde35b7823a0679e3dac99e621340b3"},{"path":"\/mobile\/Qiniu\/Qiniu\/Storage\/ResumeUploader.php","checksum":"d1c6e6496df5d0c295a5e6927edb4ecb"},{"path":"\/mobile\/Qiniu\/Qiniu\/Storage\/UploadManager.php","checksum":"8fbbd7b9619dc55f0b7d8f2b530d3e76"},{"path":"\/mobile\/Qiniu\/Qiniu\/Zone.php","checksum":"2a067437cdb68c2c2fe6fb21aacefd4c"},{"path":"\/mobile\/Qiniu\/Qiniu\/functions.php","checksum":"e28a36371db507aeb360bc15f4782d88"},{"path":"\/mobile\/Qiniu\/autoload.php","checksum":"77b5e3555cd01ad5cf26ea6474d69577"},{"path":"\/mobile\/account.php","checksum":"8598b241a28747301a3454c03e1d05a5"},{"path":"\/mobile\/evaluate.php","checksum":"e8d9ced9b6ed7ad5b8d711be830b3531"},{"path":"\/mobile\/income.php","checksum":"c81aa77d9c096b9e2b5dac0066259d18"},{"path":"\/mobile\/index.php","checksum":"d2edd2ce4bb8d92bd227965de117cf63"},{"path":"\/mobile\/login.php","checksum":"fa4ad6aa34d3289e635bfb7901d4fe76"},{"path":"\/mobile\/logout.php","checksum":"40ae2f517ed5f4b93b0ce708d8e2656b"},{"path":"\/mobile\/order.php","checksum":"fcbd2f99903ff743544632f2f26070c9"},{"path":"\/mobile\/qiniu.php","checksum":"7d450fe154697c366d76fc5895054f19"},{"path":"\/mobile\/tencent.php","checksum":"ff68a98018672f4fd091f8a62aba0355"},{"path":"\/module.php","checksum":"f155d47f3066d31228c08ac9bad35b7e"},{"path":"\/site.php","checksum":"32ea0769137338baefed81f5e5afa12c"},{"path":"\/template\/mobile\/QCloud\/Somethingtest.swf","checksum":"e0d76fd8f15b4fde8b754dc57c650893"},{"path":"\/template\/mobile\/QCloud\/bootstrap.css","checksum":"ea8e29c5a2e2e47058f38d261a7ff7fa"},{"path":"\/template\/mobile\/QCloud\/cos-js-sdk-v4.js","checksum":"38e50f503af8e2d2bf98fa717a2015e2"},{"path":"\/template\/mobile\/QCloud\/crypto.js","checksum":"743e5a64e1deb415bbd260f655277cbc"},{"path":"\/template\/mobile\/QCloud\/jquery-1.12.4.min.js","checksum":"4f252523d4af0b478c810c2547a63e19"},{"path":"\/template\/mobile\/Qiniu\/bootstrap.css","checksum":"ea8e29c5a2e2e47058f38d261a7ff7fa"},{"path":"\/template\/mobile\/Qiniu\/bootstrap.min.js","checksum":"c5b5b2fa19bd66ff23211d9f844e0131"},{"path":"\/template\/mobile\/Qiniu\/highlight.css","checksum":"4619e8d164a5166c54f7471d0b014858"},{"path":"\/template\/mobile\/Qiniu\/highlight.js","checksum":"d72a56c107899356c2d2f82aa96f35b0"},{"path":"\/template\/mobile\/Qiniu\/jquery.min.js","checksum":"397754ba49e9e0cf4e7c190da78dda05"},{"path":"\/template\/mobile\/Qiniu\/main.css","checksum":"b3d57d2b03bf794024d936b201d3e8c7"},{"path":"\/template\/mobile\/Qiniu\/main.js","checksum":"6770bb1abe05de3047f4bbf56b652321"},{"path":"\/template\/mobile\/Qiniu\/moxie.js","checksum":"a40169ee68f1802b0085e8ca1d588caa"},{"path":"\/template\/mobile\/Qiniu\/plupload.dev.js","checksum":"14ebd59b284f106b524dc6743c1f1533"},{"path":"\/template\/mobile\/Qiniu\/plupload.full.min.js","checksum":"c626050154dee5f927f9467d710c8427"},{"path":"\/template\/mobile\/Qiniu\/qiniu.js","checksum":"b9cc84be85a1ae59c11b13b84acef614"},{"path":"\/template\/mobile\/Qiniu\/qiniu_beimei.js","checksum":"5cbf80bcc33832775166d571057d1faa"},{"path":"\/template\/mobile\/Qiniu\/qiniu_huabei.js","checksum":"8b85406850c55aefb94f83901b16cc3d"},{"path":"\/template\/mobile\/Qiniu\/qiniu_huadong.js","checksum":"b9cc84be85a1ae59c11b13b84acef614"},{"path":"\/template\/mobile\/Qiniu\/qiniu_huanan.js","checksum":"0d75c80c5ee31d4bcdef00b3002de6e5"},{"path":"\/template\/mobile\/Qiniu\/ui.js","checksum":"8b8c16aff522e080aaef073e11254dbb"},{"path":"\/template\/mobile\/Qiniu\/zh_CN.js","checksum":"d7f06520b9ffc2a196397fc08cf2164f"},{"path":"\/template\/mobile\/ZeroClipboard\/ZeroClipboard.js","checksum":"a854b37bdc7d78528bf6af91269a9bc3"},{"path":"\/template\/mobile\/ZeroClipboard\/ZeroClipboard.min.js","checksum":"0583b2d8d0200f9a2d18a9c45187347e"},{"path":"\/template\/mobile\/ZeroClipboard\/ZeroClipboard.swf","checksum":"67fa11498ca51cbb09cc383c0a22787e"},{"path":"\/template\/mobile\/ZeroClipboard\/index.html","checksum":"3bace1e078dd6dc389d608a7d8ccf1d1"},{"path":"\/template\/mobile\/_footer.html","checksum":"ecf0b6f12d113a2ae13eb93a260c20e9"},{"path":"\/template\/mobile\/_header.html","checksum":"9a640ac76305945c1109fc8bbf3033a6"},{"path":"\/template\/mobile\/account.html","checksum":"92b5ad39bb7da89dd2d7f65d9f0465ec"},{"path":"\/template\/mobile\/css\/admin.css","checksum":"cd70f9d34e18bcbe4ff4061632ece14f"},{"path":"\/template\/mobile\/css\/fonts\/fontawesome-webfont.eot","checksum":"90186830c9c50a0fed932494581761d9"},{"path":"\/template\/mobile\/css\/fonts\/fontawesome-webfont.svg","checksum":"dc89f84240347782f3a88e9f4d2d62e7"},{"path":"\/template\/mobile\/css\/fonts\/fontawesome-webfont.ttf","checksum":"4f0022f25672c7f501c339cbf98d9117"},{"path":"\/template\/mobile\/css\/fonts\/fontawesome-webfont.woff","checksum":"fdf491ce5ff5b2da02708cd0e9864719"},{"path":"\/template\/mobile\/css\/pintuer.css","checksum":"31fe161f9d1bfd6abd04f4664d597f0b"},{"path":"\/template\/mobile\/evaluate.html","checksum":"eaccd666a2aa32d44396645f9c9d4b92"},{"path":"\/template\/mobile\/images\/bg.jpg","checksum":"b80cfa0c72d54fcbe1c37eab70d1f205"},{"path":"\/template\/mobile\/images\/download.gif","checksum":"2da0807814ad64841cd597c4e8a653d1"},{"path":"\/template\/mobile\/images\/loading.gif","checksum":"162c7c14f8bd975cd52f0ae9b8f1e80c"},{"path":"\/template\/mobile\/images\/media.jpg","checksum":"c41114e903ec9285490544811be5a236"},{"path":"\/template\/mobile\/images\/nopic.jpg","checksum":"a94f081c7a7f8906fbefb86b66babbb2"},{"path":"\/template\/mobile\/images\/oc-c.png","checksum":"bda8147c02ff25888a0ef8c016221824"},{"path":"\/template\/mobile\/images\/oc-h.png","checksum":"8f2d7fcd285f2130e23112770c0bec40"},{"path":"\/template\/mobile\/images\/oc-z.png","checksum":"c10ee24df713acddc09b871fab21bf47"},{"path":"\/template\/mobile\/images\/pictrue.jpg","checksum":"16c8ef0386faed00f714d4f31e79ca54"},{"path":"\/template\/mobile\/images\/preview.png","checksum":"beb967c624b34a6a7d39f937c32bfb76"},{"path":"\/template\/mobile\/images\/tmbg-white.png","checksum":"d2d5a8f01bb2b9d14341f85f44b23f9d"},{"path":"\/template\/mobile\/images\/uploadimage.gif","checksum":"42ee7ee436b309408b449f5854db47ce"},{"path":"\/template\/mobile\/images\/videoCover.png","checksum":"eccfc6074ee01f745c67b6a69a2ad18f"},{"path":"\/template\/mobile\/income.html","checksum":"50115df70fb12ab4ac52c65119c52053"},{"path":"\/template\/mobile\/index.html","checksum":"f83b4a2f8ff11aa32ffe62253fa82f74"},{"path":"\/template\/mobile\/jedate\/jedate.css","checksum":"610336d4d4f9317a91792cee047e717e"},{"path":"\/template\/mobile\/jedate\/jedate.js","checksum":"365a4e24bc269a41170915cb989ba4f7"},{"path":"\/template\/mobile\/js\/ajaxfileupload.js","checksum":"716bb4af7e2ee3af89eeee1488316457"},{"path":"\/template\/mobile\/js\/jquery-ui.js","checksum":"365a4e24bc269a41170915cb989ba4f7"},{"path":"\/template\/mobile\/js\/jquery.js","checksum":"8fc25e27d42774aeae6edbc0a18b72aa"},{"path":"\/template\/mobile\/js\/pintuer.js","checksum":"60300da5c935a676f164a465c9dfa11a"},{"path":"\/template\/mobile\/login.html","checksum":"73a93fe7aba248dc5e8fc5034acd4afd"},{"path":"\/template\/mobile\/order.html","checksum":"cd417d9e9a540a5759067d2a17f5328b"},{"path":"\/template\/mobile\/qiniu.html","checksum":"28369182947d15a70b90505c534bb952"},{"path":"\/template\/mobile\/tencent.html","checksum":"7f38451347363c434d8c4cb913865eed"},{"path":"\/template\/setting.html","checksum":"a4fef161a664ae9a949a9b962b9ad591"},{"path":"\/ueditor\/dialogs\/anchor\/anchor.html","checksum":"af1c340b564d269f44bf1c21b0da668e"},{"path":"\/ueditor\/dialogs\/attachment\/attachment.css","checksum":"f441eddcbed1be7c21c156aee673573a"},{"path":"\/ueditor\/dialogs\/attachment\/attachment.html","checksum":"ff96f00de90ce2a71397542315d47f3b"},{"path":"\/ueditor\/dialogs\/attachment\/attachment.js","checksum":"bf802fe93791f4d760c29ac3fbc780da"},{"path":"\/ueditor\/dialogs\/attachment\/fileTypeImages\/icon_chm.gif","checksum":"a6bde967007a598c248c28e93135f8d2"},{"path":"\/ueditor\/dialogs\/attachment\/fileTypeImages\/icon_default.png","checksum":"2c861195d4fe149d298fb89f59fb59db"},{"path":"\/ueditor\/dialogs\/attachment\/fileTypeImages\/icon_doc.gif","checksum":"62fedaf25e736ec0fc5dc9f484f8729f"},{"path":"\/ueditor\/dialogs\/attachment\/fileTypeImages\/icon_exe.gif","checksum":"2a223aacd85e50241e09ee50208444cc"},{"path":"\/ueditor\/dialogs\/attachment\/fileTypeImages\/icon_jpg.gif","checksum":"206ee8fa1eb6472dbf6680d1a234730e"},{"path":"\/ueditor\/dialogs\/attachment\/fileTypeImages\/icon_mp3.gif","checksum":"20ca745781a4181242486fd6899b311e"},{"path":"\/ueditor\/dialogs\/attachment\/fileTypeImages\/icon_mv.gif","checksum":"b89eb6e0820bca6cb13cc0471f9c6408"},{"path":"\/ueditor\/dialogs\/attachment\/fileTypeImages\/icon_pdf.gif","checksum":"5ed2e815d975ef2f28415808c97aa825"},{"path":"\/ueditor\/dialogs\/attachment\/fileTypeImages\/icon_ppt.gif","checksum":"8ca7522b42fd080284556579c9429fcb"},{"path":"\/ueditor\/dialogs\/attachment\/fileTypeImages\/icon_psd.gif","checksum":"569ce65a6f5ef037358a8720d32acce5"},{"path":"\/ueditor\/dialogs\/attachment\/fileTypeImages\/icon_rar.gif","checksum":"ec5c6a20543d04ed58473ddc0017aa06"},{"path":"\/ueditor\/dialogs\/attachment\/fileTypeImages\/icon_txt.gif","checksum":"a41b31caae5723d931c6365ae180c0be"},{"path":"\/ueditor\/dialogs\/attachment\/fileTypeImages\/icon_xls.gif","checksum":"43750beef8caa96f0e1ef476539f65f4"},{"path":"\/ueditor\/dialogs\/attachment\/images\/alignicon.gif","checksum":"d86d56edfe175c9aa300a8ef4c7f78c6"},{"path":"\/ueditor\/dialogs\/attachment\/images\/alignicon.png","checksum":"aef70d0a71f4b1da729a92dafd4cf4a9"},{"path":"\/ueditor\/dialogs\/attachment\/images\/bg.png","checksum":"ceea3f7e3d18fbefe125725c85a57aeb"},{"path":"\/ueditor\/dialogs\/attachment\/images\/file-icons.gif","checksum":"606b8e96894f15596c83333e923a3a62"},{"path":"\/ueditor\/dialogs\/attachment\/images\/file-icons.png","checksum":"f43725a2e01286fd452243252df94999"},{"path":"\/ueditor\/dialogs\/attachment\/images\/icons.gif","checksum":"dc9038bc535e0f930306894cf24ccd4c"},{"path":"\/ueditor\/dialogs\/attachment\/images\/icons.png","checksum":"c9ceb83c0a247ae47f54c3e1d3cb4bac"},{"path":"\/ueditor\/dialogs\/attachment\/images\/image.png","checksum":"6b00566e6a7a54df0b83fe8a1d8b9427"},{"path":"\/ueditor\/dialogs\/attachment\/images\/progress.png","checksum":"46732e763f50c337fecabcc42150d842"},{"path":"\/ueditor\/dialogs\/attachment\/images\/success.gif","checksum":"56879ca275183bef11a8972ffbea5a6b"},{"path":"\/ueditor\/dialogs\/attachment\/images\/success.png","checksum":"b80425bbf53402d499d54c86ca365870"},{"path":"\/ueditor\/dialogs\/background\/background.css","checksum":"413a7304d5deb7cc5b3b455c87781691"},{"path":"\/ueditor\/dialogs\/background\/background.html","checksum":"daeebe7166c9bc860f75f8f82c2c6c2a"},{"path":"\/ueditor\/dialogs\/background\/background.js","checksum":"4357eaff4d2f1cbc3af001a55601bbbf"},{"path":"\/ueditor\/dialogs\/background\/images\/bg.png","checksum":"ceea3f7e3d18fbefe125725c85a57aeb"},{"path":"\/ueditor\/dialogs\/background\/images\/success.png","checksum":"b80425bbf53402d499d54c86ca365870"},{"path":"\/ueditor\/dialogs\/charts\/chart.config.js","checksum":"f5e0dcdab3797838440b7f2f1309924e"},{"path":"\/ueditor\/dialogs\/charts\/charts.css","checksum":"b5f91ee526e77e69974806211f959c4a"},{"path":"\/ueditor\/dialogs\/charts\/charts.html","checksum":"4ddbb0ad633d91264e355fa84f31c621"},{"path":"\/ueditor\/dialogs\/charts\/charts.js","checksum":"250cab3fce4c33a85c6705128148aa10"},{"path":"\/ueditor\/dialogs\/charts\/images\/charts0.png","checksum":"c8c9cdb63b5c31aaa9d075e3d12d6772"},{"path":"\/ueditor\/dialogs\/charts\/images\/charts1.png","checksum":"4bebe6b730fe928031ee4f83594b300a"},{"path":"\/ueditor\/dialogs\/charts\/images\/charts2.png","checksum":"2042995205190212415b560e3a28ebad"},{"path":"\/ueditor\/dialogs\/charts\/images\/charts3.png","checksum":"fc1c24b56a589dcd17a6721c5d576f5b"},{"path":"\/ueditor\/dialogs\/charts\/images\/charts4.png","checksum":"43b400c4c8fbd5458d072fe177e633fd"},{"path":"\/ueditor\/dialogs\/charts\/images\/charts5.png","checksum":"9d215c9480ab1ec3660513ad82a048b2"},{"path":"\/ueditor\/dialogs\/emotion\/emotion.css","checksum":"7444c75e2a105de6f384184a64238a23"},{"path":"\/ueditor\/dialogs\/emotion\/emotion.html","checksum":"adc661a420a5591b4427a487ae762263"},{"path":"\/ueditor\/dialogs\/emotion\/emotion.js","checksum":"eba67e20a9486696edc111ed49405d0e"},{"path":"\/ueditor\/dialogs\/emotion\/images\/0.gif","checksum":"629ccc774aed95b2c6bec91151f7292d"},{"path":"\/ueditor\/dialogs\/emotion\/images\/bface.gif","checksum":"6ea3533c3b0adbe19467ebccd1a7afa1"},{"path":"\/ueditor\/dialogs\/emotion\/images\/cface.gif","checksum":"5d39be760e912b058a42fc59b3731bec"},{"path":"\/ueditor\/dialogs\/emotion\/images\/fface.gif","checksum":"a4fc234a5ca005ba8845b36a09004738"},{"path":"\/ueditor\/dialogs\/emotion\/images\/jxface2.gif","checksum":"1085988d048e25ad630451eba57dc09d"},{"path":"\/ueditor\/dialogs\/emotion\/images\/neweditor-tab-bg.png","checksum":"4869b022d6ba52d8c4312e9f40564efd"},{"path":"\/ueditor\/dialogs\/emotion\/images\/tface.gif","checksum":"30e42f9792a388ea7b049ee8715ce8fa"},{"path":"\/ueditor\/dialogs\/emotion\/images\/wface.gif","checksum":"647a02b861c53e54d603db363aeec236"},{"path":"\/ueditor\/dialogs\/emotion\/images\/yface.gif","checksum":"43c43aada4dd1ec8bc352f092e39c7b0"},{"path":"\/ueditor\/dialogs\/gmap\/gmap.html","checksum":"5a0112eabe7d7943e6dbf2dc5d5ab30f"},{"path":"\/ueditor\/dialogs\/help\/help.css","checksum":"0bbe124bf834784273bbb3ddf358c41c"},{"path":"\/ueditor\/dialogs\/help\/help.html","checksum":"6c5b198acc33b193bcb754fff47957a0"},{"path":"\/ueditor\/dialogs\/help\/help.js","checksum":"46ab3200f2cee7a9be91c7ba91dc8863"},{"path":"\/ueditor\/dialogs\/image\/image.css","checksum":"08c0337b0590e2bfe6244571901ded62"},{"path":"\/ueditor\/dialogs\/image\/image.html","checksum":"0a7c032593f9fe3f48a963f7788750ef"},{"path":"\/ueditor\/dialogs\/image\/image.js","checksum":"45b42ca4bffcb5fcef5759485dc4d966"},{"path":"\/ueditor\/dialogs\/image\/images\/alignicon.jpg","checksum":"0bffaa2001fb64832c4b07f61c28067c"},{"path":"\/ueditor\/dialogs\/image\/images\/bg.png","checksum":"ceea3f7e3d18fbefe125725c85a57aeb"},{"path":"\/ueditor\/dialogs\/image\/images\/icons.gif","checksum":"dc9038bc535e0f930306894cf24ccd4c"},{"path":"\/ueditor\/dialogs\/image\/images\/icons.png","checksum":"c9ceb83c0a247ae47f54c3e1d3cb4bac"},{"path":"\/ueditor\/dialogs\/image\/images\/image.png","checksum":"6b00566e6a7a54df0b83fe8a1d8b9427"},{"path":"\/ueditor\/dialogs\/image\/images\/progress.png","checksum":"46732e763f50c337fecabcc42150d842"},{"path":"\/ueditor\/dialogs\/image\/images\/success.gif","checksum":"56879ca275183bef11a8972ffbea5a6b"},{"path":"\/ueditor\/dialogs\/image\/images\/success.png","checksum":"b80425bbf53402d499d54c86ca365870"},{"path":"\/ueditor\/dialogs\/insertframe\/insertframe.html","checksum":"0ed71ddbc56df727ff86182a76acc2e2"},{"path":"\/ueditor\/dialogs\/internal.js","checksum":"c0f9b684495ee74765c2b0959b71d9aa"},{"path":"\/ueditor\/dialogs\/link\/link.html","checksum":"d12cccc1973b2a033dd0e501c4bc38f5"},{"path":"\/ueditor\/dialogs\/map\/map.html","checksum":"43a48d2e9df871e7774eec51eff62c06"},{"path":"\/ueditor\/dialogs\/map\/show.html","checksum":"0fc02024cda940174c098b871bf84c7c"},{"path":"\/ueditor\/dialogs\/music\/music.css","checksum":"dd49d4680b5a0199ced0527bcd1fc47c"},{"path":"\/ueditor\/dialogs\/music\/music.html","checksum":"166d59a78b1accf09e05838690ac6833"},{"path":"\/ueditor\/dialogs\/music\/music.js","checksum":"71b802cd1809f338e68fc9fe64ed5108"},{"path":"\/ueditor\/dialogs\/preview\/preview.html","checksum":"eb607e13d69ed5d13f5b3b8923f85886"},{"path":"\/ueditor\/dialogs\/scrawl\/images\/addimg.png","checksum":"64d268d5749c701a9ef3af91efba1b88"},{"path":"\/ueditor\/dialogs\/scrawl\/images\/brush.png","checksum":"f76286aaa7fbdc6046c3802d57a2a86a"},{"path":"\/ueditor\/dialogs\/scrawl\/images\/delimg.png","checksum":"2091e959cbafd08fb1eed9131b9fd44c"},{"path":"\/ueditor\/dialogs\/scrawl\/images\/delimgH.png","checksum":"54a5447ca3c56b999ab26a0705b4cdee"},{"path":"\/ueditor\/dialogs\/scrawl\/images\/empty.png","checksum":"37ebb732ae836025a8fb73a633a7a899"},{"path":"\/ueditor\/dialogs\/scrawl\/images\/emptyH.png","checksum":"b05b8330ec204731c28191de7c30193c"},{"path":"\/ueditor\/dialogs\/scrawl\/images\/eraser.png","checksum":"5c7e4ef7709bcab2bad98dd69d074ce9"},{"path":"\/ueditor\/dialogs\/scrawl\/images\/redo.png","checksum":"f7c8eda36e253d931ed9396450690d70"},{"path":"\/ueditor\/dialogs\/scrawl\/images\/redoH.png","checksum":"20190473ae3f1ef61695f94f5c2b6789"},{"path":"\/ueditor\/dialogs\/scrawl\/images\/scale.png","checksum":"04cacdc1426b6158dfe537f959e0acf2"},{"path":"\/ueditor\/dialogs\/scrawl\/images\/scaleH.png","checksum":"be0eea27c8907255c8d241187f34e440"},{"path":"\/ueditor\/dialogs\/scrawl\/images\/size.png","checksum":"0b8509263ad87c33cee01dce5a6eaf13"},{"path":"\/ueditor\/dialogs\/scrawl\/images\/undo.png","checksum":"ed6b7fb70d0c207bebd94ad2c5f14630"},{"path":"\/ueditor\/dialogs\/scrawl\/images\/undoH.png","checksum":"01014410b794e57dcb8b6163859083c7"},{"path":"\/ueditor\/dialogs\/scrawl\/scrawl.css","checksum":"15ae9c3d69be443b1d8de5c9e9ba11c6"},{"path":"\/ueditor\/dialogs\/scrawl\/scrawl.html","checksum":"591e93fca1eb405d2dc5bbefd5257a7d"},{"path":"\/ueditor\/dialogs\/scrawl\/scrawl.js","checksum":"62ebf8e2ee772b179bf6f60ada8a5e78"},{"path":"\/ueditor\/dialogs\/searchreplace\/searchreplace.html","checksum":"cd0fb3c2cbd7d9f3c8314343d23fcfe5"},{"path":"\/ueditor\/dialogs\/searchreplace\/searchreplace.js","checksum":"56deb06158f5e87f2919ecfcdc34596e"},{"path":"\/ueditor\/dialogs\/snapscreen\/snapscreen.html","checksum":"8aacfe4f5bdd0dc4e8e90acbfa3089ac"},{"path":"\/ueditor\/dialogs\/spechars\/spechars.html","checksum":"76020b27c310705c1a4127d039e7080a"},{"path":"\/ueditor\/dialogs\/spechars\/spechars.js","checksum":"90cc2b707f28198d0594c6094dcb8d1d"},{"path":"\/ueditor\/dialogs\/table\/dragicon.png","checksum":"c622f9eb6ec86c015aae5200e5d3beee"},{"path":"\/ueditor\/dialogs\/table\/edittable.css","checksum":"dd7096054b03244de0c56da45fc8e2f8"},{"path":"\/ueditor\/dialogs\/table\/edittable.html","checksum":"2f9dc1669b05856a3d19907319b5ea16"},{"path":"\/ueditor\/dialogs\/table\/edittable.js","checksum":"3099e6fb1f29eb2516147001b5eafa8d"},{"path":"\/ueditor\/dialogs\/table\/edittd.html","checksum":"8e61b9c3e9c7daad97f6711804edd3c2"},{"path":"\/ueditor\/dialogs\/table\/edittip.html","checksum":"b4610606db9110f4c59da1ac2fcb39ff"},{"path":"\/ueditor\/dialogs\/template\/config.js","checksum":"b6e07e95f99ee3c4019647c04e50acd8"},{"path":"\/ueditor\/dialogs\/template\/images\/bg.gif","checksum":"9b0d87d61c649566e828ac1f4a0dd595"},{"path":"\/ueditor\/dialogs\/template\/images\/pre0.png","checksum":"fb91f0dc61c7fe6907ff3e1474d30d0a"},{"path":"\/ueditor\/dialogs\/template\/images\/pre1.png","checksum":"e73bee7da98c7f1f8f56c24dc1f25025"},{"path":"\/ueditor\/dialogs\/template\/images\/pre2.png","checksum":"dde76455a773b6f56b8fcd2548f03319"},{"path":"\/ueditor\/dialogs\/template\/images\/pre3.png","checksum":"f12f7bc32ff0b6992f57c01e9a64c6d1"},{"path":"\/ueditor\/dialogs\/template\/images\/pre4.png","checksum":"762f96c0b86af5f3f8f7bc6b0c3730dc"},{"path":"\/ueditor\/dialogs\/template\/template.css","checksum":"891cd8e8843697280b54d6b3bc79688a"},{"path":"\/ueditor\/dialogs\/template\/template.html","checksum":"64a53900fbb9fdd78ca189d007e23278"},{"path":"\/ueditor\/dialogs\/template\/template.js","checksum":"05ca4321ceec26fadcfd9b607cbfa44f"},{"path":"\/ueditor\/dialogs\/video\/images\/bg.png","checksum":"ceea3f7e3d18fbefe125725c85a57aeb"},{"path":"\/ueditor\/dialogs\/video\/images\/center_focus.jpg","checksum":"13813ba01bf8267721a8a9d9ea56bf90"},{"path":"\/ueditor\/dialogs\/video\/images\/file-icons.gif","checksum":"606b8e96894f15596c83333e923a3a62"},{"path":"\/ueditor\/dialogs\/video\/images\/file-icons.png","checksum":"f43725a2e01286fd452243252df94999"},{"path":"\/ueditor\/dialogs\/video\/images\/icons.gif","checksum":"dc9038bc535e0f930306894cf24ccd4c"},{"path":"\/ueditor\/dialogs\/video\/images\/icons.png","checksum":"c9ceb83c0a247ae47f54c3e1d3cb4bac"},{"path":"\/ueditor\/dialogs\/video\/images\/image.png","checksum":"6b00566e6a7a54df0b83fe8a1d8b9427"},{"path":"\/ueditor\/dialogs\/video\/images\/left_focus.jpg","checksum":"e6f556abcbe48e0115995bcc106a8531"},{"path":"\/ueditor\/dialogs\/video\/images\/none_focus.jpg","checksum":"85b08393f830bcc62c1376252b807f81"},{"path":"\/ueditor\/dialogs\/video\/images\/progress.png","checksum":"46732e763f50c337fecabcc42150d842"},{"path":"\/ueditor\/dialogs\/video\/images\/right_focus.jpg","checksum":"17e1af76de01403df026af28cc4aecda"},{"path":"\/ueditor\/dialogs\/video\/images\/success.gif","checksum":"56879ca275183bef11a8972ffbea5a6b"},{"path":"\/ueditor\/dialogs\/video\/images\/success.png","checksum":"b80425bbf53402d499d54c86ca365870"},{"path":"\/ueditor\/dialogs\/video\/video.css","checksum":"55898f242d519e026d8e1114f98427ec"},{"path":"\/ueditor\/dialogs\/video\/video.html","checksum":"c420d277aab1f0346cf6b44c9f8a0a75"},{"path":"\/ueditor\/dialogs\/video\/video.js","checksum":"d6f4e67cf8bce465e74d5786e7b5f209"},{"path":"\/ueditor\/dialogs\/webapp\/webapp.html","checksum":"c028c61ac40aea29e449904c4b99ecfc"},{"path":"\/ueditor\/dialogs\/wordimage\/fClipboard_ueditor.swf","checksum":"ee7d49d00de40b9b2e0f7179f90e7dc5"},{"path":"\/ueditor\/dialogs\/wordimage\/imageUploader.swf","checksum":"e9397358f963ab35bb8ad2a610395212"},{"path":"\/ueditor\/dialogs\/wordimage\/tangram.js","checksum":"02d5d833b260cc11a116b005f05df232"},{"path":"\/ueditor\/dialogs\/wordimage\/wordimage.html","checksum":"fd953597da3a5c7f31ae0575a1ce8443"},{"path":"\/ueditor\/dialogs\/wordimage\/wordimage.js","checksum":"65c21036d1e7160e992a5a8e26f21b1f"},{"path":"\/ueditor\/index.html","checksum":"24ea7e0b4aaf3b15aea8474e4d00e950"},{"path":"\/ueditor\/lang\/en\/en.js","checksum":"b97ef4ba6edca618c6dc37724b051d43"},{"path":"\/ueditor\/lang\/en\/images\/addimage.png","checksum":"88e7d05b61025278ff1b1230cfd21aa5"},{"path":"\/ueditor\/lang\/en\/images\/alldeletebtnhoverskin.png","checksum":"1eb887698a395ffb7f1a6175d05442af"},{"path":"\/ueditor\/lang\/en\/images\/alldeletebtnupskin.png","checksum":"6d7265b07429ceca1b03fce1e9266e14"},{"path":"\/ueditor\/lang\/en\/images\/background.png","checksum":"d3320c66e053049d1fed97de1422006b"},{"path":"\/ueditor\/lang\/en\/images\/button.png","checksum":"dfa3aef5fe3087a5450753aa28529304"},{"path":"\/ueditor\/lang\/en\/images\/copy.png","checksum":"b512aa9fa0ee7783ff516f9f0828b060"},{"path":"\/ueditor\/lang\/en\/images\/deletedisable.png","checksum":"4c5b9e9ad29724e8a1296059523d56f5"},{"path":"\/ueditor\/lang\/en\/images\/deleteenable.png","checksum":"b012453148feba7207940356f0db91e2"},{"path":"\/ueditor\/lang\/en\/images\/listbackground.png","checksum":"3ad9255e6398f1694395b0e0c3d330a4"},{"path":"\/ueditor\/lang\/en\/images\/localimage.png","checksum":"98b6c213a9b89b7959da7aeb7368c738"},{"path":"\/ueditor\/lang\/en\/images\/music.png","checksum":"2cd78f0b4eb01b8f00a44bfb029e3824"},{"path":"\/ueditor\/lang\/en\/images\/rotateleftdisable.png","checksum":"6cae1397f4ae4f052293ca7a42fdf16c"},{"path":"\/ueditor\/lang\/en\/images\/rotateleftenable.png","checksum":"9e6628c34db960d682a591bc24d4f557"},{"path":"\/ueditor\/lang\/en\/images\/rotaterightdisable.png","checksum":"34206a03b2459da6ad36ff6ad2998fa0"},{"path":"\/ueditor\/lang\/en\/images\/rotaterightenable.png","checksum":"bfc1b0155bfe9e60373c6e7f131f2771"},{"path":"\/ueditor\/lang\/en\/images\/upload.png","checksum":"9da36dab96ef97bf14115b4bd5169e78"},{"path":"\/ueditor\/lang\/zh-cn\/images\/copy.png","checksum":"40644255bb10f102763cbce4a3a2f7d9"},{"path":"\/ueditor\/lang\/zh-cn\/images\/localimage.png","checksum":"c754e6ca1921cd639739499d3cf45875"},{"path":"\/ueditor\/lang\/zh-cn\/images\/music.png","checksum":"6d299069db6f24cf2ba1a90a64b49db7"},{"path":"\/ueditor\/lang\/zh-cn\/images\/upload.png","checksum":"e0a1a76441b4da770097e1af0a650b93"},{"path":"\/ueditor\/lang\/zh-cn\/zh-cn.js","checksum":"324d921eed88618391328e94d34f0e2b"},{"path":"\/ueditor\/php\/Uploader.class.php","checksum":"a580653f75d7554e282f487fd1bc7687"},{"path":"\/ueditor\/php\/action_crawler.php","checksum":"3e67d0a727df8cda4cad3637ddfef65f"},{"path":"\/ueditor\/php\/action_list.php","checksum":"564ab1a51004dbc5b28257b3558c22d0"},{"path":"\/ueditor\/php\/action_upload.php","checksum":"98359d2adbc386288dc74bf76dd7933a"},{"path":"\/ueditor\/php\/config.json","checksum":"f36598d2dd399f45e6bf972ed0417322"},{"path":"\/ueditor\/php\/controller.php","checksum":"8958cb10b4dba49a05f6e30c18de1188"},{"path":"\/ueditor\/themes\/default\/css\/ueditor.css","checksum":"2c4a874501f9ad62280cd67649a873da"},{"path":"\/ueditor\/themes\/default\/css\/ueditor.min.css","checksum":"65c3db9b9559e2c822cc6de25a9c1524"},{"path":"\/ueditor\/themes\/default\/dialogbase.css","checksum":"1f8816fb5e4e4a6c6799afa8f2348d81"},{"path":"\/ueditor\/themes\/default\/images\/anchor.gif","checksum":"60a2121d55f9238f529458ee5f2e6e4e"},{"path":"\/ueditor\/themes\/default\/images\/arrow.png","checksum":"1c5b6a4191ae6122048d44e9a40d8974"},{"path":"\/ueditor\/themes\/default\/images\/arrow_down.png","checksum":"06a16826b506f5264e29cc3c84137455"},{"path":"\/ueditor\/themes\/default\/images\/arrow_up.png","checksum":"888bff7ff3165632455621e1b899287d"},{"path":"\/ueditor\/themes\/default\/images\/button-bg.gif","checksum":"087d3bd9f0f43aee0adb3f39a6e5ba17"},{"path":"\/ueditor\/themes\/default\/images\/cancelbutton.gif","checksum":"f8bcaa64071e4173b7cd8daa9613ff34"},{"path":"\/ueditor\/themes\/default\/images\/charts.png","checksum":"6555bb1e761aba45078f600eee974a66"},{"path":"\/ueditor\/themes\/default\/images\/cursor_h.gif","checksum":"0950cf5272ea8e30635e1c27954bf104"},{"path":"\/ueditor\/themes\/default\/images\/cursor_h.png","checksum":"d25ebcb51beae52a5a3f8c658d1c00d9"},{"path":"\/ueditor\/themes\/default\/images\/cursor_v.gif","checksum":"fe9d01cb9e8b0cc9a34ed668f8acfb6a"},{"path":"\/ueditor\/themes\/default\/images\/cursor_v.png","checksum":"270f36fdf73544c528fe81d5494d5c6f"},{"path":"\/ueditor\/themes\/default\/images\/dialog-title-bg.png","checksum":"1c4486a78ac7758a7ab3bd84e1a38066"},{"path":"\/ueditor\/themes\/default\/images\/filescan.png","checksum":"b5b96bbb19c82b712538d9eba562873a"},{"path":"\/ueditor\/themes\/default\/images\/highlighted.gif","checksum":"940250e1b9b228f11916e9591417235e"},{"path":"\/ueditor\/themes\/default\/images\/icons-all.gif","checksum":"885afa097b98821279ea8aa3c68cc293"},{"path":"\/ueditor\/themes\/default\/images\/icons.gif","checksum":"d6ed19f7eb5d55fc824c588465cf2647"},{"path":"\/ueditor\/themes\/default\/images\/icons.png","checksum":"6ffe01bf317ac098a88868d5036cc5f8"},{"path":"\/ueditor\/themes\/default\/images\/loaderror.png","checksum":"8dc0567ff9656e738b562e50db1e5b86"},{"path":"\/ueditor\/themes\/default\/images\/loading.gif","checksum":"9c92dd524f2abd5edc87d2d46d4a10de"},{"path":"\/ueditor\/themes\/default\/images\/lock.gif","checksum":"b2939e1b402cc732c078ec8fd3b10974"},{"path":"\/ueditor\/themes\/default\/images\/neweditor-tab-bg.png","checksum":"4869b022d6ba52d8c4312e9f40564efd"},{"path":"\/ueditor\/themes\/default\/images\/pagebreak.gif","checksum":"59caae8ab95b2eeba9444ba219446c75"},{"path":"\/ueditor\/themes\/default\/images\/scale.png","checksum":"44274c1e95b775c004f110f84db1c058"},{"path":"\/ueditor\/themes\/default\/images\/sortable.png","checksum":"297a921544f1f9518b1180bb74317c9a"},{"path":"\/ueditor\/themes\/default\/images\/spacer.gif","checksum":"df3e567d6f16d040326c7a0ea29a4f41"},{"path":"\/ueditor\/themes\/default\/images\/sparator_v.png","checksum":"9d34b0cc46ae6d88e3c7183933be762f"},{"path":"\/ueditor\/themes\/default\/images\/table-cell-align.png","checksum":"676456b57740b2a325b23a54902d21a6"},{"path":"\/ueditor\/themes\/default\/images\/tangram-colorpicker.png","checksum":"c58df79dc817794353a65858035b71b6"},{"path":"\/ueditor\/themes\/default\/images\/toolbar_bg.png","checksum":"fc2b48359037a6f185634fbe31fcb1ae"},{"path":"\/ueditor\/themes\/default\/images\/unhighlighted.gif","checksum":"ccba56505949f6d112ff6127d9b7eef0"},{"path":"\/ueditor\/themes\/default\/images\/upload.png","checksum":"e0a1a76441b4da770097e1af0a650b93"},{"path":"\/ueditor\/themes\/default\/images\/videologo.gif","checksum":"f857581368e75fcada43649be5de483b"},{"path":"\/ueditor\/themes\/default\/images\/word.gif","checksum":"0bc553bf91fd21796d9444b4b444f899"},{"path":"\/ueditor\/themes\/default\/images\/wordpaste.png","checksum":"c78d50851eeb7922d57ef3281f676dd1"},{"path":"\/ueditor\/themes\/iframe.css","checksum":"b7fd848d23a2405473d84a576d606e52"},{"path":"\/ueditor\/third-party\/SyntaxHighlighter\/shCore.js","checksum":"b4f775128900e33fd2a7c12b46b41b96"},{"path":"\/ueditor\/third-party\/SyntaxHighlighter\/shCoreDefault.css","checksum":"2fa6f41918cfdbb2b53cda9b3ce7cd49"},{"path":"\/ueditor\/third-party\/codemirror\/codemirror.css","checksum":"2ab8b08e3d99c1e61c9b56601848412e"},{"path":"\/ueditor\/third-party\/codemirror\/codemirror.js","checksum":"caadadf17ad7a5372a9cdfa6a1d61d58"},{"path":"\/ueditor\/third-party\/highcharts\/adapters\/mootools-adapter.js","checksum":"c96a6c07c23483a59f247c64192c8cc6"},{"path":"\/ueditor\/third-party\/highcharts\/adapters\/mootools-adapter.src.js","checksum":"c555d2393faeda77191724178c6cfaaa"},{"path":"\/ueditor\/third-party\/highcharts\/adapters\/prototype-adapter.js","checksum":"b740069c9dfb747f06449d05f398d96e"},{"path":"\/ueditor\/third-party\/highcharts\/adapters\/prototype-adapter.src.js","checksum":"566f0854479ba660c70602344876f80d"},{"path":"\/ueditor\/third-party\/highcharts\/adapters\/standalone-framework.js","checksum":"68ec1cd67c9092535bef258a7021f0b2"},{"path":"\/ueditor\/third-party\/highcharts\/adapters\/standalone-framework.src.js","checksum":"c65b1fa5cddda5691b788d0f57cf15a1"},{"path":"\/ueditor\/third-party\/highcharts\/highcharts-more.js","checksum":"28edf9ce1a85c74da85177298cc4d681"},{"path":"\/ueditor\/third-party\/highcharts\/highcharts-more.src.js","checksum":"a135ee3d19ac2e43b4919cc08df09597"},{"path":"\/ueditor\/third-party\/highcharts\/highcharts.js","checksum":"618e64fd24de4603efd34c884be3b381"},{"path":"\/ueditor\/third-party\/highcharts\/highcharts.src.js","checksum":"5a665f0e03eeda8a491fcb5005e6f369"},{"path":"\/ueditor\/third-party\/highcharts\/modules\/annotations.js","checksum":"4afb96b809f40e01e6a0bd65baa8fd35"},{"path":"\/ueditor\/third-party\/highcharts\/modules\/annotations.src.js","checksum":"05fc417638d360f18279cc6fdd24b96d"},{"path":"\/ueditor\/third-party\/highcharts\/modules\/canvas-tools.js","checksum":"44c97a99d743557f2a62cd491ad67868"},{"path":"\/ueditor\/third-party\/highcharts\/modules\/canvas-tools.src.js","checksum":"2b6cc59ea7332fa69a28b5045c8bb4ee"},{"path":"\/ueditor\/third-party\/highcharts\/modules\/data.js","checksum":"d3f180987716c39ac6e5c550f67c4c81"},{"path":"\/ueditor\/third-party\/highcharts\/modules\/data.src.js","checksum":"5aec4f24d98e30b10f702226108be657"},{"path":"\/ueditor\/third-party\/highcharts\/modules\/drilldown.js","checksum":"6f7c0fab1b4928cc72845994f710eaf6"},{"path":"\/ueditor\/third-party\/highcharts\/modules\/drilldown.src.js","checksum":"cbdf1eed29dde8296e4a6978e3435273"},{"path":"\/ueditor\/third-party\/highcharts\/modules\/exporting.js","checksum":"510e480f268aa36e3cf1900d0abb99de"},{"path":"\/ueditor\/third-party\/highcharts\/modules\/exporting.src.js","checksum":"e3a16272b55bf29fe0ce67f7b9dae4ce"},{"path":"\/ueditor\/third-party\/highcharts\/modules\/funnel.js","checksum":"9327ba44f8cdc1edcf83e397e889cb08"},{"path":"\/ueditor\/third-party\/highcharts\/modules\/funnel.src.js","checksum":"bfdde27ffd6e557f95c7484f80400ebf"},{"path":"\/ueditor\/third-party\/highcharts\/modules\/heatmap.js","checksum":"39e9f9057497402dde01f47c41ca3bcc"},{"path":"\/ueditor\/third-party\/highcharts\/modules\/heatmap.src.js","checksum":"719ac2b68ef253125c095cd502de756d"},{"path":"\/ueditor\/third-party\/highcharts\/modules\/map.js","checksum":"8dc9ec41cf2747515f8b4c689387a864"},{"path":"\/ueditor\/third-party\/highcharts\/modules\/map.src.js","checksum":"534facf0901e5fbc5a06c27e75969c92"},{"path":"\/ueditor\/third-party\/highcharts\/modules\/no-data-to-display.js","checksum":"17e1b0d3950fdffda42694c19d2077b3"},{"path":"\/ueditor\/third-party\/highcharts\/modules\/no-data-to-display.src.js","checksum":"f3372ce263f7f21253a4f3648d7c3cc3"},{"path":"\/ueditor\/third-party\/highcharts\/themes\/dark-blue.js","checksum":"598d05af8b1440bed467a8a1f14909e7"},{"path":"\/ueditor\/third-party\/highcharts\/themes\/dark-green.js","checksum":"751ade611cfbb4785f21511d32ab7891"},{"path":"\/ueditor\/third-party\/highcharts\/themes\/gray.js","checksum":"24f5a2a8e34b2273295f7295d48163be"},{"path":"\/ueditor\/third-party\/highcharts\/themes\/grid.js","checksum":"843c137978954b072fb8ff2097f5f05d"},{"path":"\/ueditor\/third-party\/highcharts\/themes\/skies.js","checksum":"edeff203b4d4d56d7f1eaf9c2d8e8b76"},{"path":"\/ueditor\/third-party\/jquery-1.10.2.js","checksum":"91515770ce8c55de23b306444d8ea998"},{"path":"\/ueditor\/third-party\/jquery-1.10.2.min.js","checksum":"628072e7212db1e8cdacb22b21752cda"},{"path":"\/ueditor\/third-party\/jquery-1.10.2.min.map","checksum":"6c3ccfc221d36777d383b6e04d0b8af9"},{"path":"\/ueditor\/third-party\/snapscreen\/UEditorSnapscreen.exe","checksum":"e4d2dd20f706c7cbde2184f38b1de09f"},{"path":"\/ueditor\/third-party\/video-js\/font\/vjs.eot","checksum":"f9c63739c4e5163ab00e257bd4e8a461"},{"path":"\/ueditor\/third-party\/video-js\/font\/vjs.svg","checksum":"0eb58bb31b855635ebd80e65d797e2c2"},{"path":"\/ueditor\/third-party\/video-js\/font\/vjs.ttf","checksum":"600c44c3d87f2893277dd93bf02b3e50"},{"path":"\/ueditor\/third-party\/video-js\/font\/vjs.woff","checksum":"d2c9d1cc2171bd79a1bcf6ba14f01585"},{"path":"\/ueditor\/third-party\/video-js\/video-js.css","checksum":"6979b2e79474bd0a8b84edce64b89ae1"},{"path":"\/ueditor\/third-party\/video-js\/video-js.min.css","checksum":"4b6813504d31e3b11655aafacf165db4"},{"path":"\/ueditor\/third-party\/video-js\/video-js.swf","checksum":"968d0b018b12153f0f0f2a736273ef5e"},{"path":"\/ueditor\/third-party\/video-js\/video.dev.js","checksum":"18c42d25190ad7ed229436868ffe0a4f"},{"path":"\/ueditor\/third-party\/video-js\/video.js","checksum":"9bffc8ad91cf0e7e84dbb3e5f1eea23d"},{"path":"\/ueditor\/third-party\/webuploader\/Uploader.swf","checksum":"501a397c5bac2b02206a4fc855875136"},{"path":"\/ueditor\/third-party\/webuploader\/webuploader.css","checksum":"ca70e29d4161ce4494199f2d088e98ca"},{"path":"\/ueditor\/third-party\/webuploader\/webuploader.custom.js","checksum":"ee305c10a48030b2cb303c29e1a6c8a2"},{"path":"\/ueditor\/third-party\/webuploader\/webuploader.custom.min.js","checksum":"5fd18b38672ad1342eccf241abead795"},{"path":"\/ueditor\/third-party\/webuploader\/webuploader.flashonly.js","checksum":"c4a3bf9b5186325ae81a0c459f14798a"},{"path":"\/ueditor\/third-party\/webuploader\/webuploader.flashonly.min.js","checksum":"527c3d756b0d22aeb122dc5d8da33e17"},{"path":"\/ueditor\/third-party\/webuploader\/webuploader.html5only.js","checksum":"2cdc7bb54db94e5c8f842da451b46e93"},{"path":"\/ueditor\/third-party\/webuploader\/webuploader.html5only.min.js","checksum":"e11d9bc7dee10f72092a0867203251e8"},{"path":"\/ueditor\/third-party\/webuploader\/webuploader.js","checksum":"6c75aae8048de3d23cee4b255278a437"},{"path":"\/ueditor\/third-party\/webuploader\/webuploader.min.js","checksum":"43487dfd7e2db6a93302608a16bb9424"},{"path":"\/ueditor\/third-party\/webuploader\/webuploader.withoutimage.js","checksum":"ac30cd2e245e5988d8cfb2dc6f185ec2"},{"path":"\/ueditor\/third-party\/webuploader\/webuploader.withoutimage.min.js","checksum":"3c3e8c363933509550c4a3709d514ee1"},{"path":"\/ueditor\/third-party\/xss.min.js","checksum":"033a89d00bfc5aef6d9bc9c998cffb53"},{"path":"\/ueditor\/third-party\/zeroclipboard\/ZeroClipboard.js","checksum":"56acbc88efd2b5c82448f8db32f1efa9"},{"path":"\/ueditor\/third-party\/zeroclipboard\/ZeroClipboard.min.js","checksum":"cd022aa32cf4146a2d405bdade9a7316"},{"path":"\/ueditor\/third-party\/zeroclipboard\/ZeroClipboard.swf","checksum":"cc114c6d12a97635096956aab117b4d4"},{"path":"\/ueditor\/ueditor-1.4.4.3","checksum":"d41d8cd98f00b204e9800998ecf8427e"},{"path":"\/ueditor\/ueditor.all.js","checksum":"a33999de37282e978b9b59c3b4cfd0ce"},{"path":"\/ueditor\/ueditor.all.min.js","checksum":"48156917f2c6e1cd8e5635a1715b21d3"},{"path":"\/ueditor\/ueditor.config.js","checksum":"b6a9e7c82295515ca5a907c235be632b"},{"path":"\/ueditor\/ueditor.parse.js","checksum":"23c90f068f1aedd06e23a8be2fa41d1b"},{"path":"\/ueditor\/ueditor.parse.min.js","checksum":"3bd09df3a200447483b532b63278fde9"}]